Workbook

Sheet Sheet1
A1: ProductID | B1: Product | C1: Category | D1: Price
A2: 101 | B2: ProductA | C2: Electronics | D2: 120
A3: 102 | B3: ProductB | C3: Furniture | D3: 150
A4: 103 | B4: ProductC | C4: Electronics | D4: 200
A5: 104 | B5: ProductD | C5: Clothing | D5: 90
A6: 105 | B6: ProductE | C6: Furniture | D6: 220
A7: 106 | B7: ProductF | C7: Electronics | D7: 130
A8: Product Table

Sheet Sheet2
A1: OrderID | B1: ProductID | C1: Quantity
A2: 1 | B2: 101 | C2: 2
A3: 2 | B3: 103 | C3: 1
A4: 3 | B4: 105 | C4: 4
A5: 4 | B5: 106 | C5: 3
A6: 5 | B6: 102 | C6: 5
A7: 6 | B7: 104 | C7: 6
A8: Order Table

Sheet Sheet3
A1: OrderID | B1: ProductID | C1: Quantity | D1: UnitPrice | E1: TotalPrice
A2: 1 | B2: 101 | C2: 2 | D2: =VLOOKUP(B2,Sheet1!$A$2:$D$7,4,FALSE) -> 120 | E2: =C2*D2 -> 240
A3: 2 | B3: 103 | C3: 1 | D3: =VLOOKUP(B3,Sheet1!$A$2:$D$7,4,FALSE) -> 200 | E3: =C3*D3 -> 200
A4: 3 | B4: 105 | C4: 4 | D4: =VLOOKUP(B4,Sheet1!$A$2:$D$7,4,FALSE) -> 220 | E4: =C4*D4 -> 880
A5: 4 | B5: 106 | C5: 3 | D5: =VLOOKUP(B5,Sheet1!$A$2:$D$7,4,FALSE) -> 130 | E5: =C5*D5 -> 390
A6: 5 | B6: 102 | C6: 5 | D6: =VLOOKUP(B6,Sheet1!$A$2:$D$7,4,FALSE) -> 150 | E6: =C6*D6 -> 750
A7: 6 | B7: 104 | C7: 6 | D7: =VLOOKUP(B7,Sheet1!$A$2:$D$7,4,FALSE) -> 90 | E7: =C7*D7 -> 540

Sheet Sheet5
A1: OrderID | B1: ProductID | C1: Quantity | D1: UnitPrice | E1: TotalPrice | F1: Category
A2: 1 | B2: 101 | C2: 2 | D2: =VLOOKUP(B2,Sheet1!$A$2:$D$7,4,FALSE) -> 120 | E2: =C2*D2 -> 240 | F2: =VLOOKUP(B2,Sheet1!$A$2:$D$7,3,FALSE) -> Electronics
A3: 2 | B3: 103 | C3: 1 | D3: =VLOOKUP(B3,Sheet1!$A$2:$D$7,4,FALSE) -> 200 | E3: =C3*D3 -> 200 | F3: =VLOOKUP(B3,Sheet1!$A$2:$D$7,3,FALSE) -> Electronics
A4: 3 | B4: 105 | C4: 4 | D4: =VLOOKUP(B4,Sheet1!$A$2:$D$7,4,FALSE) -> 220 | E4: =C4*D4 -> 880 | F4: =VLOOKUP(B4,Sheet1!$A$2:$D$7,3,FALSE) -> Furniture
A5: 4 | B5: 106 | C5: 3 | D5: =VLOOKUP(B5,Sheet1!$A$2:$D$7,4,FALSE) -> 130 | E5: =C5*D5 -> 390 | F5: =VLOOKUP(B5,Sheet1!$A$2:$D$7,3,FALSE) -> Electronics
A6: 5 | B6: 102 | C6: 5 | D6: =VLOOKUP(B6,Sheet1!$A$2:$D$7,4,FALSE) -> 150 | E6: =C6*D6 -> 750 | F6: =VLOOKUP(B6,Sheet1!$A$2:$D$7,3,FALSE) -> Furniture
A7: 6 | B7: 104 | C7: 6 | D7: =VLOOKUP(B7,Sheet1!$A$2:$D$7,4,FALSE) -> 90 | E7: =C7*D7 -> 540 | F7: =VLOOKUP(B7,Sheet1!$A$2:$D$7,3,FALSE) -> Clothing

Sheet Sheet6
G1: HLOOKUP
A4: MonthlySales
B7: Jan | C7: Feb | D7: Mar | E7: Apr | F7: May | G7: Sales
A8: ProductA | B8: 120 | C8: 130 | D8: 140 | E8: 150 | F8: 160 | G8: =HLOOKUP(B7,A7:F12,3,FALSE) -> 150
A9: ProductB | B9: 150 | C9: 160 | D9: 170 | E9: 180 | F9: 190 | G9: =HLOOKUP(B8,A8:F13,3,FALSE) -> 200
A10: ProductC | B10: 200 | C10: 210 | D10: 220 | E10: 230 | F10: 240 | G10: =HLOOKUP(B9,A9:F14,3,FALSE) -> 90
A11: ProductD | B11: 90 | C11: 100 | D11: 110 | E11: 120 | F11: 130 | G11: =HLOOKUP(B10,A10:F15,3,FALSE) -> 220
A12: ProductE | B12: 220 | C12: 230 | D12: 240 | E12: 250 | F12: 260 | G12: =HLOOKUP(B11,A11:F16,3,FALSE) -> 0
A15: Sales
